school_name,fac_schtype
Appling County High School,H
Appling County Elementary School,E
Appling County Middle School,M
Appling County Primary School,E
Altamaha Elementary School,E
Fourth District Elementary School,E
Atkinson County High School,H
Atkinson County Middle School,M
Willacoochee Elementary School,E
Pearson Elementary School,E
Bacon County Primary School,E
Bacon County Middle School,M
Bacon County High School,H
Bacon County Elementary School,E
Baker County K12 School,K12
Oak Hill MS,M
Baldwin High School,H
Lakeview Academy,E
Midway Hills Primary,E
Lakeview Primary,E
Midway Hills Academy,E
Banks County Middle School,M
Banks County Elementary School,E
Banks County High School,H
Banks County Primary School,E
Apalachee High School,H
County Line Elementary School,E
Haymon-Morris Middle School,M
Bear Creek Middle School,M
Kennedy Elementary School,E
Bramlett Elementary School,E
Westside Middle School,M
Bethlehem Elementary School,E
Russell Middle School,M
Yargo Elementary School,E
Winder Elementary School,E
Auburn Elementary School,E
Winder-Barrow High School,H
Holsenbeck Elementary School,E
Statham Elementary School,E
Woodland Middle School at Euharlee,M
Clear Creek Elementary School,E
Adairsville High School,H
Pine Log Elementary,E
Euharlee Elementary School,E
Cass High School,H
Cloverleaf Elementary,E
White Elementary School,E
Adairsville Elementary School,E
Mission Road Elementary School,E
South Central Middle School,M
Cass Middle School,M
Allatoona Elementary School,E
Woodland High School,H
Kingston Elementary School,E
Adairsville Middle School,M
Hamilton Crossing Elementary School,E
Taylorsville Elementary School,E
Emerson Elementary School,E
Ben Hill Elementary School,E
Ben Hill County Primary School,E
Fitzgerald High School,H
Ben Hill County Middle School,M
Berrien High School,H
Berrien Academy Performance Learning Center,H
Berrien Middle School,M
Berrien Elementary School,E
Berrien Primary School,E
Skyview Elementary School,E
Burdell Elementary School,E
Howard High School,H
Ballard Hudson Middle School,M
Bruce Elementary School,E
Academy For Classical Education,K12
Central High School,H
Westside High School,H
Vineville Academy,E
Rutland High School,H
Howard Middle School,M
Northeast High School,H
Miller Magnet Middle School,M
Rutland Middle School,M
Price Academy,M
Williams Elementary School,E
Southwest High School,H
Rosa Taylor Elementary School,E
Weaver Middle School,M
Heritage Elementary School,E
Union Elementary School,E
Riley Elementary School,E
Brookdale Elementary School,E
Alexander II Magnet School,E
Bernd Elementary School,E
Porter Elementary School,E
Springdale Elementary School,E
Carter Elementary School,E
Lane Elementary School,E
Martin Luther King Jr Elementary School,E
Southfield Elementary School,E
Veterans Elementary School,E
Hartley Elementary School,E
Heard Elementary School,E
Ingram/Pye Elementary School,E
Appling Middle School,M
Bleckley County High School,H
Bleckley Middle School,M
Bleckley County Success Academy,H
Bleckley County Elementary School,E
Bleckley County Primary School,E
Waynesville Primary School,E
Atkinson Elementary School,E
Brantley County Middle School,M
Nahunta Elementary School,E
Brantley County High School,H
Hoboken Elementary School,E
Nahunta Primary School,E
Brooks County High School,H
Quitman Elementary School,E
Brooks County Middle School,M
North Brooks Elementary School,E
Delta Innovative School,H
Brooks County Early Learning Center,E
Dr. George Washington Carver Elementary School,E
Richmond Hill High School,H
Richmond Hill Middle School,M
Richmond Hill Primary School,E
Lanier Primary School,E
Bryan County Elementary School,E
Richmond Hill Elementary School,E
Bryan County Middle School,M
Bryan County High School,H
McAllister Elementary School,E
Mill Creek Elementary School,E
Nevils Elementary School,E
William James Middle School,M
Langston Chapel Elementary School,E
Brooklet Elementary School,E
Southeast Bulloch High School,H
Langston Chapel Middle School,M
Southeast Bulloch Middle School,M
Portal Elementary School,E
Julia P. Bryant Elementary School,E
Statesboro High School,H
Stilson Elementary School,E
Portal Middle/High School,H
Mattie Lively Elementary School,E
Sallie Zetterower Elementary School,E
Blakeney Elementary,E
Burke County Middle School,M
S G A Elementary School,E
Burke County High School,H
Waynesboro Primary School,E
Henderson Middle School,M
Hampton L. Daughtry Elementary School,E
Stark Elementary School,E
Jackson Elementary School,E
Jackson High School,H
Calhoun County High School,H
Calhoun County Elementary School,E
Calhoun County Middle School,M
Mamie Lou Gross Elementary School,E
Saint Marys Middle School,M
Saint Marys Elementary School,E
Camden Middle School,M
Crooked River Elementary School,E
Matilda Harris Elementary School,E
Woodbine Elementary School,E
Kingsland Elementary School,E
David L Rainer Elementary School,E
Sugarmill Elementary,E
Camden County High School,H
Mary Lee Clark Elementary School,E
Metter High School,H
Metter Middle School,M
Metter Elementary School,E
Sharp Creek Elementary School,E
Bowdon Middle School,M
Temple Middle School,M
KidsPeace,H
Providence Elementary School,E
Mount Zion Elementary School,E
Central Middle School,M
Temple High School,H
Bay Springs Middle School,M
Mt. Zion Middle School,M
Mt. Zion High School,H
Villa Rica Middle,M
Roopville Elementary School,E
Ithica Elementary,E
Whitesburg Elementary School,E
Glanton-Hindsman Elementary,E
Villa Rica Elementary School,E
Temple Elementary School,E
Bowdon Elementary School,E
Central High School,H
Bowdon High School,H
Central Elementary School,E
Sand Hill Elementary School,E
Villa Rica High School,H
Ringgold Primary School,E
Battlefield Primary,E
Battlefield Elementary School,E
Woodstation Elementary School,E
Heritage High School,H
Tiger Creek Elementary School,E
Heritage Middle School,M
Boynton Elementary School,E
Lakeview-Fort Oglethorpe High School,H
West Side Elementary School,E
Lakeview Middle School,M
Cloud Springs Elementary School,E
Ringgold Elementary School,E
Ringgold High School,H
Graysville Elementary School,E
Ringgold Middle School,M
Bethune Middle School,M
Folkston Elementary School,E
Charlton County High School,H
St. George Elementary School,E
Johnson High School,H
UHS of Savannah Coastal Harbor Treatment Center,H
Coastal Empire Montessori Charter School,E
Woodville-Tompkins Technical and Career High School,H
Pulaski Elementary SChool,E
New Hampstead High School,H
Oglethorpe Charter School,M
The STEM Academy at Bartlett,M
Tybee Island Maritime Academy School,E
Savannah Classical Academy Charter School,E
East Broad Street School,E
Esther F. Garrison School for the Arts,E
Georgetown School,E
Garden City Elementary School,E
West Chatham Middle School,M
West Chatham Elementary School,E
DeRenne Middle School,M
The School of Liberal Studies at Savannah High,H
Godley Station School,E
Marshpoint Elementary School,E
Southwest Middle School,M
Southwest Elementary School,E
Myers Middle School,M
Coastal Middle School,M
Islands High School,H
Savannah Arts Academy,H
Shuman Elementary School,E
Rice Creek School,E
Savannah Early College High School,H
School of Humanities at Juliette Gordon Low,E
Susie King Taylor Community School,E
Savannah Classical Academy Charter High School,H
Otis J Brock III Elementary School,E
Gadsden Elementary School,E
Heard Elementary School,E
Howard Elementary School,E
White Bluff Elementary School,E
Beach High School,H
Gould Elementary School,E
Hubert Middle School,M
Largo-Tibet Elementary School,E
Andrea B Williams Elementary School,E
Groves High School,H
Isle of Hope School,E
Pooler Elementary School,E
Bloomingdale Elementary School,E
Ellis Elementary School,E
Haven Elementary School,E
Hesse School,E
Port Wentworth Elementary School,E
Windsor Forest Elementary School,E
Butler Elementary School,E
Hodge Elementary School,E
Jenkins High School,H
Mercer Middle School,M
Jacob G. Smith Elementary School,E
Windsor Forest High School,H
Chattahoochee County Education Center,E
Chattahoochee County Middle School,M
Chattahoochee County High School,H
Leroy Massey Elementary School,E
Chattooga Academy,H
Chattooga High School,H
Lyerly Elementary School,E
Summerville Middle School,M
Menlo Elementary School,E
Carmel Elementary School,E
Woodstock Elementary School,E
"William G. Hasty, Sr. Elementary School",E
Creekview High School,H
Avery Elementary School,E
Mill Creek Middle School,M
River Ridge High School,H
Indian Knoll Elementary,E
Etowah High School,H
E. T. Booth Middle School,M
Johnston Elementary School,E
Dean Rusk Middle School,M
Boston Elementary School,E
Mountain Road Elementary School,E
Sequoyah High School,H
Sixes Elementary School,E
Bascomb Elementary School,E
Woodstock High School,H
R. M. Moore Elementary School,E
Holly Springs Elementary School,E
Liberty Elementary School,E
Freedom Middle School,M
Ball Ground Elementary School,E
Teasley Middle School,M
Woodstock Middle School,M
Creekland Middle School,M
Little River Elem.,E
Clark Creek Elementary School,E
Arnold Mill Elementary School,E
Free Home Elementary School,E
J. Knox Elementary,E
Clayton Elementary School,E
Oak Grove Elementary School,E
Hickory Flat Elementary School,E
Cherokee High School,H
Macedonia Elementary School,E
Cedar Shoals High School,H
Classic City High School,H
Alps Road Elementary School,E
Judia Jackson Harris Elementary,E
Timothy Elementary School,E
Cleveland Road Elementary School,E
Coile Middle School,M
Gaines Elementary School,E
Howard B. Stroud Elementary School,E
Burney-Harris-Lyons Middle School,M
Whit Davis Road Elementary School,E
Clarke Middle School,M
Whitehead Road Elementary School,E
Barnett Shoals Elementary School,E
Winterville Elementary School,E
Barrow Elementary School,E
Fowler Drive Elementary School,E
Oglethorpe Avenue Elementary School,E
Chase Street Elementary School,E
Hilsman Middle School,M
Clarke Central High School,H
Clay County Middle School,M
Clay County Elementary,E
M. D. Roberts Middle School,M
Callaway Elementary School,E
Mundy's Mill High School,H
Thurgood Marshall Elementary School,E
Jonesboro Middle School,M
Sequoyah Middle School,M
Mount Zion Primary,E
Elite Scholars Academy School,M
Charles R. Drew High School,H
Eddie White Middle School,M
Morrow Middle School,M
Kilpatrick Elementary School,E
Mundys Mill Middle School,M
Brown Elementary School,E
Mount Zion Elementary School,E
Adamson Middle School,M
Pointe South Elementary School,E
Lovejoy High School,H
Lovejoy Middle School,M
River's Edge Elementary School,E
Kendrick Middle School,M
Hawthorne Elementary School,E
Roberta T. Smith Elementary School,E
Harper Elementary School,E
"Martin Luther King, Jr. Elementary School",E
Kemp Primary,E
Rex Mill Middle School,M
Martha Ellen Stilwell School for the Performing Arts,H
Oliver Elementary School,E
Pointe South Middle School,M
Mount Zion High School,H
Lake Ridge Elementary School,E
James Jackson Elementary School,E
Kemp Elem School,E
Unidos Dual Language School,E
Riverdale High School,H
Perry Career Academy - Eula Wilburn Ponds Perry Center for Learning,H
Eddie White Elementary School,E
Kay R Pace Elementary School of the Arts,E
Anderson Elementary School,E
East Clayton Elementary School,E
Forest Park High School,H
Jonesboro High School,H
Lee Street Elementary School,E
Northcutt Elementary School,E
Tara Elementary School,E
Arnold Elementary School,E
North Clayton High School,H
Forest Park Middle School,M
Morrow Elementary School,E
Riverdale Elementary School,E
West Clayton Elementary School,E
Fountain Elementary School,E
Babb Middle School,M
North Clayton Middle School,M
Haynie Elementary School,E
Riverdale Middle School,M
Church Street Elementary School,E
Lake City Elementary School,E
Morrow High School,H
Suder Elementary School,E
Edmonds Elementary School,E
Huie Elementary School,E
William M. McGarrah Elementary School,E
Swint Elementary School,E
Clinch County Elementary School,E
Clinch County Middle School,M
Clinch County High School,H
Kennesaw Mountain High School,H
Riverside Intermediate School,E
Kell High School,H
Bullard Elementary School,E
McCall Primary School,E
Pickett's Mill Elementary,E
East Side Elementary School,E
Clarkdale Elementary School,E
Mableton Elementary School,E
Birney Elementary School,E
Walton High School,H
Mabry Middle School,M
Still Elementary School,E
Tritt Elementary School,E
McCleskey Middle School,M
Garrison Mill Elementary School,E
Keheley Elementary School,E
Pope High School,H
Baker Elementary School,E
Dowell Elementary School,E
Varner Elementary School,E
Harrison High School,H
Hayes Elementary School,E
Vaughan Elementary School,E
Chalker Elementary School,E
Nickajack Elementary School,E
Lindley Middle School,M
Kemp Elementary School,E
Pitner Elementary School,E
Austell Elementary School,E
Allatoona High School,H
Smyrna Elementary School,E
Kincaid Elementary School,E
Dodgen Middle School,M
Mount Bethel Elementary School,E
Pine Mountain Middle School,M
Dickerson Middle School,M
Lewis Elementary School,E
Mountain View Elementary School,E
Addison Elementary School,E
Campbell Middle School,M
Shallowford Falls Elementary School,E
Ford Elementary School,E
Smitha Middle School,M
Frey Elementary School,E
Cheatham Hill Elementary School,E
Durham Middle School,M
Acworth Intermediate School,E
Kennesaw Charter School,E
Riverside Primary School,E
Lindley 6th Grade Academy,M
Sprayberry High School,H
Murdock Elementary School,E
Rocky Mount Elementary School,E
Lassiter High School,H
Davis Elementary School,E
Simpson Middle School,M
Nicholson Elementary School,E
Hightower Trail Middle School,M
Green Acres Elementary School,E
Sanders Elementary School,E
Blackwell Elementary School,E
Hendricks Elementary School,E
Kennesaw Elementary School,E
Barber Middle School,M
Tapp Middle School,M
Sope Creek Elementary School,E
Powder Springs Elementary School,E
Timber Ridge Elementary School,E
Lost Mountain Middle School,M
Cooper Middle School,M
Big Shanty Elementary School,E
McClure Middle School,M
Bryant Elementary School,E
Palmer Middle School,M
Lovinggood Middle School,M
Hillgrove High School,H
Devereux Ackerman Academy,H
Cobb Horizon High School,H
Belmont Hills Elementary School,E
Campbell High School,H
East Cobb Middle School,M
Garrett Middle School,M
McEachern High School,H
Norton Park Elementary School,E
Powers Ferry Elementary School,E
Wheeler High School,H
Argyle Elementary School,E
North Cobb High School,H
King Springs Elementary School,E
Osborne High School,H
Griffin Middle School,M
Clay Elementary School,E
South Cobb High School,H
Fair Oaks Elementary School,E
Harmony-Leland Elementary School,E
LaBelle Elementary School,E
Milford Elementary School,E
Russell Elementary School,E
Compton Elementary School,E
Awtrey Middle School,M
Daniell Middle School,M
Pebblebrook High School,H
Teasley Elementary School,E
Hollydale Elementary School,E
Bells Ferry Elementary School,E
Brumby Elementary School,E
Due West Elementary School,E
Floyd Middle School,M
Sedalia Park Elementary School,E
Eastvalley Elementary School,E
Indian Creek Elementary,E
Ambrose Elementary School,E
Coffee Middle School,M
Wiregrass Regional College and Career Academy,H
Satilla Elementary School,E
Broxton-Mary Hayes Elementary,E
Coffee County High School,H
Eastside Elementary School,E
Nicholls Elementary School,E
George Washington Carver Freshman Campus,H
West Green Elementary School,E
Westside Elementary School,E
Willie J. Williams Middle School,M
Colquitt County Achievement Center,H
Doerun Elementary School,E
Odom Elementary School,E
Norman Park Elementary School,E
Colquitt County High School,H
Funston Elementary School,E
Wright Elementary School,E
Stringfellow Elementary School,E
CA Gray Junior High School,M
Okapilco Elementary School,E
Cox Elementary School,E
Hamilton Elementary School,E
Sunset Elementary School,E
Greenbrier Middle School,M
Lewiston Elementary School,E
Grovetown Middle School,M
River Ridge Elementary,E
Evans Middle School,M
Stallings Island Middle School,M
Grovetown High School,H
Westmont Elementary School,E
Harlem High School,H
Evans Elementary School,E
Blue Ridge Elementary School,E
Lakeside High School,H
Brookwood Elementary School,E
Stevens Creek Elementary School,E
Riverside Middle School,M
Riverside Elementary School,E
Greenbrier High School,H
Cedar Ridge Elementary School,E
Baker Place Elementary,E
Harlem Middle School,M
Lakeside Middle School,M
Greenbrier Elementary School,E
Euchee Creek Elementary School,E
Parkway Elementary School,E
Columbia Middle School,M
Martinez Elementary School,E
North Columbia Elementary School,E
Evans High School,H
North Harlem Elementary School,E
Grovetown Elementary School,E
South Columbia Elementary School,E
Cook County Middle School,M
Cook Elementary School,E
Cook High School,H
Cook Primary School,E
Arbor Springs Elementary,E
Willis Road Elementary,E
Lee Middle School,M
Brooks Elementary,E
White Oak Elementary School,E
Canongate Elementary School,E
Newnan Crossing Elementary School,E
Jefferson Parkway Elementary School,E
Northgate High School,H
Poplar Road Elementary School,E
Welch Elementary School,E
Glanton Elementary,E
East Coweta Middle School,M
Thomas Crossroads Elementary School,E
Madras Middle School,M
Smokey Road Middle School,M
East Coweta High School,H
Arnall Middle School,M
Arnco-Sargent Elementary School,E
Ruth Hill Elementary School,E
Evans Middle School,M
Atkinson Elementary School,E
Eastside Elementary School,E
Northside Elementary School,E
Elm Street Elementary School,E
Moreland Elementary School,E
Newnan High School,H
Western Elementary School,E
Crawford County Elementary School,E
Crawford County High School,H
Crawford County Middle School,M
Crisp County Primary School,E
Crisp County High School,H
Crisp County Middle School,M
Crisp County Elementary School,E
Crisp County Pre-K,E
Dade Elementary School,E
Dade County High School,H
Davis Elementary School,E
Dade Middle School,M
Kilough Elementary School,E
Dawson County Middle School,M
Dawson County Junior High,H
Riverview Elementary School,E
Robinson Elementary School,E
Dawson County High School,H
Black's Mill Elementary School,E
West Bainbridge Elementary School,E
New Beginning Learning Center,H
Potter Street Elementary School,E
Bainbridge Middle School,M
Hutto Middle School,E
Bainbridge High School,H
John Johnson Elementary School,E
Jones-Wheat Elementary School,E
Narvie Harris Elementary School,E
Wynbrooke Elementary School,E
"Martin Luther King, Jr. High School",H
Miller Grove High School,H
Flat Rock Elementary School,E
Princeton Elementary School,E
DeKalb Preparatory Academy Charter,E
Cedar Grove High School,H
Vanderlyn Elementary School,E
Austin Elementary School,E
Redan High School,H
Eldridge L. Miller Elementary School,E
Panola Way Elementary School,E
Peachtree Middle School,M
Pine Ridge Elementary School,E
Browns Mill Elementary School,E
Chapel Hill Middle School,M
Marbut Elementary School,E
Cedar Grove Middle School,M
Freedom Middle School,M
Lithonia High School,H
Lithonia Middle School,M
Redan Middle School,M
Dunwoody Elementary School,E
Museum School Avondale Estates,E
Rockbridge Elementary School,E
Cedar Grove Elementary School,E
Stone Mountain High School,H
Kittredge Magnet School,E
Sequoyah Middle School,M
Salem Middle School,M
Shadow Rock Elementary School,E
"Edward L. Bouie, Sr. Elementary School",E
Columbia Middle School,M
Oakview Elementary,E
Wadsworth Magnet School for High Achievers,M
Leadership Preparatory Academy,E
GLOBE Academy Charter School I,E
Tapestry Public Charter School,H
Fairington Elementary School,E
Stephenson Middle School,M
Robert Shaw Theme School,E
Mary McLeod Bethune Middle School,M
Chamblee Middle School,M
Dekalb Early College Academy,H
Ronald E McNair Discover Learning Academy Elementary School,E
DeKalb School of the Arts,H
Bob Mathis Elementary School,E
Stephenson High School,H
DeKalb Alternative School,H
East DeKalb Special Education Center,K12
Stone Mountain Middle School,M
The Champion Middle Theme School,M
Margaret Harris Comprehensive School,K12
Stone Mill Elementary School,E
Miller Grove Middle School,M
Tucker Middle School,M
"Arabia Mountain High School - Academy of Engineering, Medicine and Environm",H
Woodridge Elementary School,E
DeKalb PATH Academy Charter School,M
UHS of Laurel Heights,H
Henderson Middle School,M
International Community School,E
Elizabeth Andrews High School,H
Druid Hills Middle School,M
DeKalb Academy of Technology and the Environment Charter School,E
DeKalb Elementary School of the Arts,E
Brockett Elementary School,E
Chapel Hill Elementary School,E
Columbia Elementary School,E
Dresden Elementary School,E
Evansdale Elementary School,E
McNair Middle School,M
Idlewood Elementary School,E
Livsey Elementary School,E
Tucker High School,H
Woodward Elementary School,E
Peachcrest Elementary School,E
John Robert Lewis Elementary School,E
Barack H. Obama Elementary Magnet School of Technology,E
Allgood Elementary School,E
Columbia High School,H
Druid Hills High School,H
Fernbank Elementary School,E
Henderson Mill Elementary School,E
Indian Creek Elementary School,E
McLendon Elementary School,E
Midvale Elementary School,E
Cary Reynolds Elementary School,E
Stone Mountain Elementary School,E
Ashford Park Elementary School,E
Briarlake Elementary School,E
Canby Lane Elementary School,E
Chesnut Elementary School,E
Dunaire Elementary School,E
Flat Shoals Elementary School,E
Hambrick Elementary School,E
Jolly Elementary School,E
Lakeside High School,H
Oak Grove Elementary School,E
Pleasantdale Elementary School,E
Rock Chapel Elementary School,E
Smoke Rise Elementary School,E
Toney Elementary School,E
McNair High School,H
Briar Vista Elementary School,E
Murphy Candler Elementary School,E
Clarkston High School,H
Cross Keys High School,H
Hightower Elementary School,E
Kelley Lake Elementary School,E
Laurel Ridge Elementary School,E
Montclair Elementary School,E
Oakcliff Elementary School,E
Rainbow Elementary School,E
Rowland Elementary School,E
Snapfinger Elementary School,E
Stoneview Elementary School,E
Towers High School,H
Coralwood Education Center,E
Avondale Elementary School,E
Chamblee Charter High School,H
Dunwoody High School,H
Hawthorne Elementary School,E
Huntley Hills Elementary School,E
Kingsley Elementary School,E
Montgomery Elementary School,E
Redan Elementary School,E
Sagamore Hills Elementary School,E
Southwest DeKalb High School,H
Dodge County High School,H
Dodge County Middle School,M
South Dodge Elementary School,E
North Dodge Elementary School,E
DAC (Dodge County Achievement Center),H
Dooly County Elementary School,E
Dooly County High School,H
Dooly County Middle School,M
Dooly County Prep Academy,H
Albany Middle School,M
Live Oak Elementary School,E
Robert A. Cross Middle Magnet,M
Robert H Harvey Elementary School,E
Radium Springs Middle School,M
Lamar Reese School of the Arts,E
Lincoln Elementary Magnet School,E
Alice Coachman Elementary School,E
"Martin Luther King, Jr. Elementary School",E
Monroe High School,H
Dougherty Comprehensive High School,H
Morningside Elementary School,E
Northside Elementary School,E
Turner Elementary School,E
Lake Park Elementary School,E
Merry Acres Middle School,M
Sherwood Acres Elementary School,E
Westover High School,H
International Studies Elementary Charter School,E
Radium Springs Elementary School,E
West Town Elementary School,E
Chapel Hill High School,H
Yeager Middle School,M
North Douglas Elementary School,E
Bill Arp Elementary School,E
Factory Shoals Middle School,M
Mason Creek Elementary School,E
Mason Creek Middle School,M
Lithia Springs Comprehensive High School,H
Arbor Station Elementary School,E
Fairplay Middle School,M
Dorsett Shoals Elementary School,E
Alexander High School,H
Chestnut Log Middle School,M
South Douglas Elementary School,E
Bright Star Elementary School,E
Holly Springs Elementary,E
New Manchester Elementary School,E
Chapel Hill Elementary School,E
New Manchester High School,H
Factory Shoals Elementary School,E
Sweetwater Elementary School,E
Mirror Lake Elementary School,E
Burnett Elementary School,E
Brighten Academy,E
Eastside Elementary School,E
Youth Villages at Inner Harbour,H
Winston Elementary School,E
Beulah Elementary School,E
Turner Middle School,M
Lithia Springs Elementary School,E
Chapel Hill Middle School,M
Douglas County High School,H
Mount Carmel Elementary School,E
Stewart Middle School,M
Annette Winn Elementary School,E
Early County Elementary School,E
Early County Middle School,M
Early County High School,H
Echols County Elementary/Middle School,E
Echols County High School,H
Springfield Elementary School,E
Marlow Elementary School,E
Blandford Elementary School,E
South Effingham Elementary School,E
Guyton Elementary School,E
Sand Hill Elementary School,E
South Effingham High School,H
Ebenezer Middle School,M
Effingham County Middle School,M
Ebenezer Elementary School,E
South Effingham Middle School,M
Effingham County High School,H
Rincon Elementary School,E
Elbert County Middle School,M
Paul J. Blackwell Learning Center,E
Elbert County High School,H
Elbert County Primary School,E
Elbert County Elementary School,E
Twin City Elementary School,E
Swainsboro High School,H
Swainsboro Middle School,M
Swainsboro Primary School,E
Swainsboro Elementary School,E
Emanuel County Institute,H
Claxton Elementary School,E
Second Chance,M
Claxton High School,H
Claxton Middle School,M
Fannin County High School,H
Fannin County Middle School,M
East Fannin Elementary School,E
West Fannin Elementary School,E
Blue Ridge Elementary School,E
Cleveland Elementary School,E
Sara Harp Minter Elementary School,E
Crabapple Lane Elementary School,E
Whitewater High School,H
Bennett's Mill Middle School,M
Inman Elementary,E
Booth Middle School,M
Huddleston Elementary School,E
North Fayette Elementary School,E
McIntosh High School,H
Oak Grove Elementary School,E
Braelinn Elementary School,E
Sandy Creek High School,H
Kedron Elementary School,E
Starrs Mill High School,H
Peeples Elementary School,E
Robert J. Burch Elementary School,E
Spring Hill Elementary School,E
Rising Starr Middle School,M
Whitewater Middle School,M
Fayette County High School,H
Fayetteville Elementary School,E
Flat Rock Middle School,M
Peachtree City Elementary School,E
Johnson Elementary,E
Coosa Middle School,M
Pepperell High School,H
Model High,H
McHenry Primary,E
Model Elementary School,E
Armuchee Elementary School,E
Pepperell Elementary,E
Model Middle School,M
Pepperell Middle School,M
Armuchee Middle School,M
Armuchee High School,H
Alto Park Elementary School,E
Garden Lakes Elementary School,E
Cave Spring Elementary School,E
Glenwood Primary School,E
Pepperell Primary,E
Coosa High School,H
Settles Bridge Elementary School,E
Matt Elementary School,E
Cumming Elementary School,E
Sharon Elementary School,E
Riverwatch Middle School,M
Shiloh Point Elementary,E
West Forsyth High School,H
Johns Creek Elementary,E
Mashburn Elementary School,E
Coal Mountain Elementary School,E
South Forsyth High School,H
Chattahoochee Elementary School,E
North Forsyth High School,H
Daves Creek Elementary School,E
Vickery Creek Elementary School,E
Vickery Creek Middle School,M
Otwell Middle School,M
Sawnee Elementary School,E
Chestatee Elementary,E
Little Mill Middle School,M
Brookwood Elementary,E
George W. Whitlow Elementary,E
Lambert High School,H
Haw Creek Elementary,E
Lakeside Middle School,M
Forsyth Virtual Academy,H
Liberty Middle School,M
Silver City Elementary School,E
Kelly Mill Elementary,E
Piney Grove Middle School,M
North Forsyth Middle School,M
South Forsyth Middle School,M
Brandywine Elementary School,E
DeSana Middle School,M
Alliance Academy for Innovation,H
Denmark High School,H
Big Creek Elementary School,E
Midway Elementary School,E
Forsyth Central High School,H
Franklin County Middle School,M
Carnesville Elementary Intermediate School,E
Royston Elementary School,E
Carnesville Elementary Primary School,E
Franklin County High School,H
Lavonia Elementary School,E
Summit Hill Elementary,E
Abbotts Hill Elementary School,E
Creek View Elementary School,E
Hembree Springs Elementary School,E
Spalding Drive Elementary,E
Hopewell Middle School,M
Milton High School,H
Renaissance Middle School,M
Renaissance ES,E
Feldwood Elementary School,E
Main Street Charter Academy,E
Hapeville Charter Career Academy,H
Cambridge High School,H
Jackson Elementary School,E
Banneker High School,H
Dolvin Elementary School,E
Crabapple Middle School,M
Camp Creek Middle School,M
Barnwell Elementary School,E
McNair Middle School,M
Lake Windward Elementary School,E
Roswell High School,H
Hapeville Elementary School,E
Crabapple Crossing Elementary School,E
New Prospect Elementary School,E
Northwood Elementary School,E
Centennial High School,H
Stonewall Tell Elementary School,E
Hillside Elementary School,E
Northview High School,H
KIPP South Fulton Academy School,M
Alpharetta High School,H
Oakley Elementary School,E
Dunwoody Springs Elementary School,E
Chattahoochee Hills Charter School,E
S. L. Lewis Elementary School,E
Nolan Elementary School,E
Gullatt Elementary School,E
Holcomb Bridge Middle School,M
Ridgeview Charter School,M
Woodland Middle School,M
Creekside High School,H
Palmetto Elementary School,E
Findley Oaks Elementary School,E
State Bridge Crossing Elementary School,E
Sweet Apple Elementary School,E
Manning Oaks Elementary School,E
Heritage Elementary School,E
Elkins Pointe Middle School,M
Cogburn Woods Elementary School,E
Autrey Mill Middle School,M
Georgia Baptist Children's Home and Family Ministries,H
Mountain Park Elementary School,E
McClarin High School,H
Haynes Bridge Middle School,M
Independence High School,H
Randolph Elementary School,E
Bear Creek Middle School,M
Chattahoochee High School,H
River Eves Elementary School,E
Shakerag Elementary School,E
River Trail Middle School,M
Wilson Creek Elementary School,E
Amana Academy School,E
Medlock Bridge Elementary School,E
Webb Bridge Middle School,M
Hamilton E. Holmes Elementary,E
Liberty Point Elementary School,E
Sandtown Middle School,M
Taylor Road Middle School,M
Northwestern Middle School,M
Sandy Springs Middle School,M
Hapeville Charter Middle School,M
Tri-Cities High School,H
Ocee Elementary School,E
Woodland Elementary School,E
Paul D. West Middle School,M
Lake Forest Elementary,E
Johns Creek High School,H
Cliftondale Elementary School,E
Alpharetta Elementary School,E
Roswell North Elementary School,E
Langston Hughes High School,H
Birmingham Falls Elementary School,E
Ison Springs Elementary School,E
RISE Grammar School,E
RISE Prep School,M
College Park Elementary,E
Vickery Mill Elementary,E
Wolf Creek Elementary,E
Fulton Academy of Science and Technology,E
Skyview High School,H
Wellspring Living,H
Bethune Elementary School,E
Campbell Elementary School,E
Brookview Elementary School,E
Heards Ferry Elementary School,E
Lee Elementary School,E
Parklane Elementary School,E
Riverwood International Charter School,H
High Point Elementary School,E
Mimosa Elementary School,E
North Springs High School,H
E. C. West Elementary School,E
Conley Hills Elementary School,E
Asa Hilliard Elementary School,E
Westlake High School,H
Mountain View Elementary,E
Clear Creek Middle School,M
Gilmer Middle school,M
Ellijay Primary School,E
Gilmer High School,H
Ellijay Elementary School,E
Glascock County Middle/High School,H
Glascock County Elementary School,E
Sterling Elementary School,E
"Morningstar Treatment Services, Inc. Youth Estate",H
Glynn Middle,M
Jane Macon Middle,M
Risley Middle School,M
Glyndale Elementary School,E
Golden Isles Elementary School,E
Oglethorpe Point Elementary School,E
Satilla Marsh Elementary School,E
Needwood Middle School,M
Greer Elementary School,E
Altama Elementary School,E
St. Simons Elementary School,E
Brunswick High School,H
Burroughs-Molette Elementary School,E
Glynn Academy,H
Goodyear Elementary School,E
Sonoraville High School,H
Sonoraville Elementary,E
Red Bud Middle School,M
Tolbert Elementary School,E
Red Bud Elementary School,E
Swain Elementary School,E
Gordon Central High School,H
Ashworth Middle School,M
Belwood Elementary School,E
Fairmount Elementary School,E
Washington Middle School,M
Eastside Elementary School,E
Cairo High School,H
Whigham Elementary School,E
Northside Elementary School,E
Southside Elementary School,E
Shiver Elementary School,E
Anita White Carson Middle School,M
LAKE OCONEE CHARTER,K12
Union Point Elementary,E
Greensboro Elementary,E
Greene County High School,H
Rock Springs Elementary School,E
Grayson High School,H
Norcross High School,H
Mill Creek High School,H
Trickum Middle School,M
Benefield Elementary School,E
Centerville Elementary School,E
Parkview High School,H
Head Elementary School,E
Brookwood High School,H
Berkeley Lake Elementary School,E
Shiloh High School,H
Pinckneyville Middle School,M
Meadowcreek High School,H
Richards Middle School,M
Phoenix High School,H
Chattahoochee Elementary School,E
Dacula Elementary School,E
Walnut Grove Elementary School,E
Craig Elementary School,E
Collins Hill High School,H
Harbins Elementary School,E
Creekland Middle School,M
Crews Middle School,M
Meadowcreek Elementary School,E
Freeman's Mill Elementary School,E
Osborne Middle School,M
Corley Elementary School,E
Mulberry Elementary School,E
Lanier Middle School,M
Lovin Elementary School,E
Knight Elementary School,E
Sweetwater Middle School,M
Five Forks Middle School,M
Beaver Ridge Elementary School,E
Annistown Elementary School,E
Shiloh Middle School,M
Hopkins Elementary School,E
Brookwood Elementary School,E
Norton Elementary School,E
Minor Elementary School,E
McKendree Elementary School,E
Shiloh Elementary School,E
Nesbit Elementary School,E
Fort Daniel Elementary School,E
Sugar Hill Elementary School,E
Hull Middle School,M
Mason Elementary School,E
Stripling Elementary School,E
Berkmar Middle School,M
Ivy Creek Elementary School,E
Rosebud Elementary School,E
Gwin Oaks Elementary School,E
Dacula Middle School,M
Arcado Elementary School,E
Gwinnett InterVention Education (GIVE) Center East,H
Cedar Hill Elementary School,E
Pharr Elementary School,E
Simonton Elementary School,E
Jackson Elementary School,E
Magill Elementary School,E
Partee Elementary School,E
Riverside Elementary School,E
Jones Middle School,M
Puckett's Mill Elementary School,E
Simpson Elementary School,E
Kanoheda Elementary School,E
McConnell Middle School,M
Taylor Elementary School,E
Sycamore Elementary School,E
Trip Elementary School,E
Cooper Elementary School,E
Patrick Elementary School,E
Parsons Elementary School,E
Oakland Meadow School,K12
Peachtree Ridge High School,H
Duluth Middle School,M
Alcova Elementary School,E
Bay Creek Middle School,M
Grace Snell Middle School,M
Ferguson Elementary School,E
Roberts Elementary School,E
Jenkins Elementary School,E
Anderson-Livsey Elementary School,E
Burnette Elementary School,E
Lanier High School,H
"Gwinnett School of Mathematics, Science and Technology",H
New Life Academy of Excellence,E
Berkmar High School,H
Dyer Elementary School,E
Lilburn Middle School,M
Rockbridge Elementary School,E
Alford Elementary,E
Starling Elementary School,E
Moore Middle School,M
Gwinnett Intervention Education Center (GIVE) West,H
Northbrook Middle School,M
Duncan Creek Elementary,E
Couch Middle School,M
Gwinnett Online Campus,H
North Metro Academy of Performing Arts,E
Winn Holt Elementary School,E
White Oak Elementary School,E
Level Creek Elementary School,E
Mountain View High School,H
Radloff Middle School,M
North Gwinnett Middle School,M
Chesney Elementary School,E
Twin Rivers Middle School,M
Archer High School,H
Woodward Mill Elementary School,E
Baggett Elementary School,E
Graves Elementary School,E
Jordan Middle School,M
Discovery High School,H
Coleman Middle School,M
Baldwin Elementary,E
International Transition Center,H
Paul Duke STEM High School,H
Bethesda Elementary School,E
Grayson Elementary School,E
Harmony Elementary School,E
Mountain Park Elementary School,E
Snellville Middle School,M
South Gwinnett High School,H
Britt Elementary School,E
Harris Elementary School,E
Camp Creek Elementary School,E
Central Gwinnett High School,H
Dacula High School,H
Norcross Elementary School,E
Summerour Middle School,M
North Gwinnett High School,H
Lawrenceville Elementary School,E
Peachtree Elementary School,E
Suwanee Elementary School,E
Duluth High School,H
Lilburn Elementary School,E
Cornelia Elementary School,E
Level Grove Elementary School,E
Habersham Ninth Grade Academy,H
Hilliard A. Wilbanks Middle School,M
Habersham Success Academy,H
Clarkesville Elementary School,E
North Habersham Middle School,M
Demorest Elementary School,E
South Habersham Middle School,M
Baldwin Elementary School,E
Habersham Central High School,H
Woodville Elementary School,E
Fairview Elementary School,E
Hazel Grove Elementary School,E
C. W. Davis Middle School,M
Martin Elementary School,E
Chestatee High School,H
Sugar Hill Elementary,E
Lanier College and Career Academy,H
Chicopee Elementary School,E
World Language Academy,E
Myers Elementary School,E
West Hall High School,H
Spout Springs Elementary School,E
Mount Vernon Elementary School,E
Friendship Elementary School,E
Chestatee Middle School,M
Flowery Branch High,H
Wauka Mountain Elementary School,E
East Hall Middle School,M
West Hall Middle School,M
North Hall Middle School,M
Cherokee Bluff Middle,M
Cherokee Bluff High School,H
Alternative Learning Center,H
World Language Academy Middle School,M
White Sulphur Elementary School,E
East Hall High School,H
North Hall High School,H
Flowery Branch Elementary School,E
Oakwood Elementary School,E
Lanier Elementary School,E
Riverbend Elementary School,E
Chestnut Mountain Elementary School,E
Lula Elementary School,E
Sardis Elementary School,E
South Hall Middle School,M
Johnson High School,H
Lyman Hall Elementary School,E
McEver Elementary School,E
Tadmore Elementary School,E
Hancock Central Middle School,M
Lewis Elementary School,E
Hancock Central High School,H
Tallapoosa Primary School,E
Buchanan Elementary School,E
Haralson County Middle School,M
Haralson County Rebel Academy,H
Buchanan Primary School,E
Haralson County High School,H
West Haralson Elementary School,E
Creekside School,M
Park Elementary School,E
Pine Ridge Elementary School,E
Mulberry Creek Elementary School,E
New Mountain Hill Elementary School,E
Harris County High School,H
Harris County Carver Middle School,M
North Hart Elementary School,E
Hart County Middle School,M
South Hart Elementary School,E
Hart County High School,H
Hartwell Elementary School,E
Heard County Middle School,M
Heard Elementary School,E
Heard County High School,H
Centralhatchee Elementary School,E
Ephesus Elementary School,E
Ola Elementary School,E
Union Grove High,H
Luella High School,H
Dutchtown High,H
Luella Elementary School,E
Dutchtown Elementary School,E
Woodland Elementary School,E
Cotton Indian Elementary School,E
Wesley Lakes Elementary School,E
Pate's Creek Elementary School,E
Pleasant Grove Elementary School,E
Mount Carmel Elementary School,E
East Lake Elementary,E
Dutchtown Middle School,M
Timber Ridge Elementary School,E
Walnut Creek Elementary,E
Bethlehem Elementary School,E
Rocky Creek Elementary,E
Locust Grove Middle,M
Locust Grove High,H
Hampton Middle School,M
Oakland Elementary School,E
Austin Road Elementary School,E
Stockbridge High School,H
Hickory Flat Elementary School,E
Unity Grove Elementary School,E
Ola High School,H
Woodland Middle School,M
Hampton High School,H
Eagle's Landing High School,H
Eagle's Landing Middle School,M
Austin Road Middle School,M
Red Oak Elementary School,E
New Hope Elementary,E
Woodland High School,H
Tussahaw Elementary,E
Flippen Elementary School,E
Ola Middle School,M
Rock Spring Elementary,E
Luella Middle School,M
Union Grove Middle,M
EXCEL Academy,H
Fairview Elementary School,E
Hampton Elementary School,E
Smith-Barnes Elementary School,E
Henry County High School,H
Stockbridge Elementary School,E
Henry County Middle School,M
Locust Grove Elementary School,E
Stockbridge Middle School,M
Eagle Springs Elementary,E
C. B. Watson Primary School,E
Lake Joy Primary School,E
David A. Perdue Primary,E
Huntington Middle School,M
Mossy Creek Middle School,M
Veterans High School,H
Houston County Crossroads Center,H
Langston Road Elementary School,E
Pearl Stephens Elementary School,E
Northside Elementary School,E
Houston County High School,H
Perdue Elementary School,E
Quail Run Elementary School,E
Feagin Mill Middle School,M
Matthew Arthur Elementary School,E
Perry Middle School,M
Thomson Middle School,M
Lake Joy Elementary School,E
Bonaire Middle School,M
Hilltop Elementary School,E
Bonaire Elementary School,E
Northside Middle School,M
Perry High School,H
Centerville Elementary School,E
Northside High School,H
Morningside Elementary School,E
Westside Elementary School,E
Parkwood Elementary School,E
Tucker Elementary School,E
Kings Chapel Elementary School,E
Lindsey Elementary School,E
Russell Elementary School,E
Warner Robins High School,H
Miller Elementary School,E
Shirley Hills Elementary School,E
Warner Robins Middle School,M
Irwin County Middle School,M
Irwin County Elementary School,E
Irwin County High School,H
West Jackson Elementary School,E
East Jackson Elementary School,E
East Jackson Comprehensive High School,H
Jackson County Comprehensive High School,H
East Jackson Middle School,M
Gum Springs Elementary School,E
West Jackson Middle School,M
Maysville Elementary School,E
North Jackson Elementary School,E
South Jackson Elementary School,E
Washington Park Elementary School,E
Jasper County High School,H
Jasper County Primary School,E
Jasper County Middle School,M
Jeff Davis Primary School,E
Jeff Davis Middle School,M
Jeff Davis Elementary School,E
Jeff Davis High School,H
Jefferson County High School,H
Louisville Middle School,M
Wrens Middle School,M
Carver Elementary School,E
Louisville Academy,E
Wrens Elementary School,E
Jenkins County Middle School,M
Jenkins County High School,H
Jenkins County Elementary School,E
Johnson County Middle School,M
Johnson County Elementary School,E
Johnson County High School,H
Clifton Ridge Middle School,M
Mattie Wells Elementary School,E
Gray Station Middle School,M
Turner Woods Elementary School,E
Jones County High School,H
Dames Ferry Elementary School,E
Gray Elementary School,E
Lamar County Elementary School,E
Lamar County High School,H
Lamar County Middle School,M
Lamar County Primary School,E
Lanier County Middle School,M
Lanier County Elementary School,E
Lanier County High School,H
Lanier County Primary School,E
Southwest Laurens Elementary,E
East Laurens Primary School,E
East Laurens Elementary School,E
West Laurens High School,H
East Laurens High School,H
Northwest Laurens Elementary,E
East Laurens Middle School,M
West Laurens Middle School,M
Lee County Middle School West,M
Lee County Elementary School,E
Lee County Middle School East,M
Lee County Primary School,E
Lee County High School,H
Kinchafoonee Primary School,E
Lee High School 9th Grade Campus,H
Twin Oaks Elementary,E
Waldo Pafford Elementary School,E
Midway Middle School,M
Liberty Elementary School,E
Bradwell Institute,H
Button Gwinnett Elementary School,E
Lyman Hall Elementary School,E
Joseph Martin Elementary School,E
Liberty County High School,H
Taylors Creek Elementary School,E
Snelson-Golden Middle School,M
Frank Long Elementary School,E
Lewis Frasier Middle School,M
Lincoln County Middle School,M
Lincoln County High School,H
Lincoln County Elementary School,E
Smiley Elementary School,E
Long County High School,H
Long County Middle School,M
McClelland Elementary School,E
Dewar Elementary,E
Westside Elementary School,E
Pine Grove Middle School,M
Moulton-Branch Elementary School,E
Hahira Elementary School,E
Pine Grove Elementary School,E
Clyattville Elementary School,E
Lowndes Middle School,M
Hahira Middle School,M
Lake Park Elementary School,E
Lowndes High School,H
Lumpkin County High School,H
Blackburn Elementary School,E
Long Branch Elementary School,E
Lumpkin County Middle School,M
Lumpkin County Elementary School,E
Macon County Elementary School,E
Macon County Middle School,M
Macon County High School,H
Hull-Sanford Elementary School,E
Danielsville Elementary School,E
Colbert Elementary School,E
Madison County Middle School,M
Comer Elementary School,E
Ila Elementary School,E
Madison County High School,H
L. K. Moss Elementary School,E
Marion County Middle/High School,H
Thomson-McDuffie Middle School,M
Norris Elementary School,E
Maxwell Elementary School,E
Dearing Elementary School,E
Thomson High School,H
Thomson Elementary School,E
McIntosh County Middle School,M
McIntosh Academy,H
Todd Grant Elementary School,E
Unity Elementary School (PK-5),E
George E. Washington Elementary School (PK-5),E
Mountain View Elementary School,E
Good Sheperd Therapeutic Center,H
Greenville High School,H
Greenville Middle School,M
Manchester High School,H
Manchester Middle School,M
Miller County Elementary School,E
Miller County High School,H
Miller County Middle School,M
Baconton Community Charter School,K12
Mitchell County Elementary School,E
Mitchell County Middle School,M
Mitchell County Primary School,E
Mitchell County High School,H
Eagle's Landing Academy,K12
T.G. Scott Elementary School,E
Katherine B. Sutton Elementary School,E
"Monroe County Middle School, Banks Stephens Campus",M
Mary Persons High School,H
Samuel E. Hubbard Elementary School,E
Montgomery County Middle School,M
Montgomery County Elementary School,E
Montgomery County High School,H
Morgan County Elementary School,E
Morgan County High School,H
Morgan County Primary School,E
Morgan County Middle School,M
Woodlawn Elementary School,E
Pleasant Valley Innovative School,H
North Murray High School,H
Murray County High School,H
Coker Elementary School,E
Eton Elementary School,E
Bagley Middle School,M
Chatsworth Elementary School,E
Spring Place Elementary School,E
Gladden Middle School,M
Northwest Elementary School,E
Midland Middle School,M
Fox Elementary School,E
North Columbus Elementary,E
Eagle Ridge Academy,E
Early College Academy of Columbus at Waverly Terrace,H
Aaron Cohn Middle School,M
Fort Middle School,M
Hannan Elementary,E
Brewer Elementary School,E
Blackmon Road Middle School,M
"Martin Luther King, Jr. Elementary School",E
Northside High School,H
Veterans Memorial Middle School,M
Dorothy Height Elementary School,E
Shaw High School,H
Downtown Elementary Magnet Academy,E
Baker Middle School,M
East Columbus Magnet Academy,M
Spencer High School,H
Double Churches Middle School,M
Midland Academy,E
Rainey McCullers School of the Arts,M
Dimon Elementary,E
Georgetown Elementary School,E
Kendrick High School,H
Reese Road Leadership Academy,E
Arnold Middle School,M
Blanchard Elementary School,E
Clubview Elementary School,E
Double Churches Elementary School,E
Hardaway High School,H
Key Elementary School,E
Richards Middle School,M
Rothschild Leadership Academy School,M
Columbus High School,H
Britt David Elementary Computer Magnet Academy,E
Forrest Road Elementary School,E
Rigdon Road Elementary School,E
St. Marys Video and Communication Technology,E
Waddell Elementary School,E
Davis Elementary School,E
Lonnie Jackson Academy,E
Johnson Elementary School,E
Mathews Elementary School,E
Allen Elementary School,E
River Road Elementary School,E
South Columbus Elementary School,E
Wynnton Elementary School,E
Carver High School,H
Dawson Elementary School,E
Eddy Middle School,M
Gentian Elementary School,E
Jordan Vocational High School,H
Wesley Heights Elementary School,E
Veterans Memorial Middle School,M
Oak Hill Elementary School,E
Rocky Plains Elementary School,E
South Salem Elementary School,E
Liberty Middle School,M
Live Oak Elementary,E
Clements Middle School,M
Flint Hill Elementary,E
Newton County Theme School at Ficquett,E
Fairview Elementary,E
Newton High School,H
Cousins Middle School,M
Middle Ridge Elementary School,E
Alcovy High School,H
Eastside High School,H
West Newton Elementary School,E
Indian Creek Middle School,M
East Newton Elementary School,E
Livingston Elementary School,E
Mansfield Elementary School,E
Heard-Mixon Elementary School,E
Porterdale Elementary School,E
Rocky Branch Elementary School,E
North Oconee High School,H
High Shoals Elementary School,E
Oconee County Primary School,E
Oconee County Middle School,M
Malcom Bridge Elementary School,E
Malcom Bridge Middle School,M
Oconee County High School,H
Dove Creek Elementary School,E
Oconee County Elementary School,E
Colham Ferry Elementary School,E
Oglethorpe County Middle School,M
Oglethorpe County Elementary School,E
Oglethorpe County Primary School,E
Oglethorpe County High School,H
Hiram High School,H
Bessie L. Baggett Elementary,E
Lillian C. Poole Elementary School,E
South Paulding High School,H
Sammy McClure Sr. Middle School,M
North Paulding High School,H
Burnt Hickory Elementary School,E
WC Abney Elementary,E
McGarity Elementary School,E
South Paulding Middle School,M
Floyd L. Shelton Elementary School at Crossroad,E
Sam D. Panter Elementary School,E
Nebo Elementary School,E
C. A. Roberts Elementary School,E
Lena Mae Moses Middle School,M
Roland W. Russom Elementary,E
Sara M. Ragsdale Elementary,E
P. B. Ritch Middle School,M
East Paulding High School,H
Northside Elementary School,E
J. A. Dobbins Middle School,M
Allgood Elementary School,E
Connie Dugan Elementary School,E
Hal Hutchens Elementary,E
East Paulding Middle School,M
Irma C. Austin Middle School,M
Carl Scoggins Sr. Middle school,M
Dallas Elementary School,E
New Georgia Elementary School,E
Herschel Jones Middle School,M
Paulding County High School,H
Union Elementary School,E
Hiram Elementary School,E
Kay Road Elementary,E
Fort Valley Middle School,M
Byron Middle School,M
Hunt Elementary School,E
Byron Elementary School,E
Peach County High School,H
Hill City Elementary School,E
Harmony Elementary School,E
Pickens County Junior High School,M
Pickens County High School,H
Jasper Middle School,M
Tate Elementary School,E
Midway Elementary School,E
Pierce County High School,H
Pierce County Middle School,M
Blackshear Elementary School,E
Patterson Elementary School,E
Pike County Elementary School,E
Pike County Primary School,E
Pike County High School,H
Pike County Middle School,M
Zebulon High School,H
Rockmart High School,H
Cedartown Middle School,M
Rockmart Middle School,M
Westside Elementary School,E
Cherokee Elementary School,E
Northside Elementary,E
Harpst Academy,H
Van Wert Elementary School,E
Eastside Elementary School,E
Youngs Grove Elementary School,E
Cedartown High School,H
Pulaski County Middle School,M
Hawkinsville High School,H
Pulaski County Elementary School,E
Putnam County Middle School,M
Putnam County Primary School,E
Putnam County Elementary School,E
Putnam County High School,H
Quitman County High School,H
Quitman County Elementary,E
Rabun County Middle School,M
Rabun County Elementary School,E
Rabun County Primary School,E
Rabun County High School,H
Randolph Clay Middle School,M
Randolph Clay High School,H
Randolph County Elementary School,E
Cross Creek High School,H
Hephzibah Elementary School,E
Freedom Park Elementary,E
Wilkinson Gardens Elementary School,E
Deer Chase Elementary School,E
Lighthouse Care Center of Augusta,H
Pine Hill Middle School,M
W.S. Hornsby Middle School,M
Lamar - Milledge Elementary School,E
Meadowbrook Elementary School,E
Morgan Road Middle School,M
Jamestown Elementary School,E
Goshen Elementary School,E
Glenn Hills Middle School,M
Sue Reynolds Elementary School,E
Diamond Lakes Elementary School,E
Richmond County Technical Career Magnet School,H
Willis Foreman Elementary School,E
Tobacco Road Elementary School,E
McBean Elementary School,E
Lake Forest Hills Elementary School,E
Spirit Creek Middle School,M
Alternative Education Center at Lamar,H
Performance Learning Center,H
W.S. Hornsby Elementary School,E
Belair K-8 School,E
Butler High School,H
Garrett Elementary School,E
Langford Middle School,M
Rollins Elementary School,E
Walker Traditional Elementary School,E
Windsor Spring Road Elementary School,E
Hephzibah Middle School,M
Barton Chapel Elementary School,E
Copeland Elementary School,E
Glenn Hills Elementary School,E
Hephzibah High School,H
Merry Elementary School,E
Warren Road Elementary School,E
Westside High School,H
Bayvale Elementary School,E
Glenn Hills High School,H
Johnson Magnet,H
Josey High School,H
Blythe Elementary School,E
Gracewood Elementary School,E
Monte Sano Elementary School,E
Academy of Richmond County High School,H
Southside Elementary School,E
Davidson Magnet School,H
Terrace Manor Elementary School,E
Dorothy Hains Elementary School,E
Murphey Middle School,M
Tutt Middle School,M
Laney High School,H
Peek's Chapel Elementary,E
General Ray Davis Middle School,M
Hicks Elementary School,E
Honey Creek Elementary School,E
Heritage High School,H
Barksdale Elementary School,E
Sims Elementary School,E
Salem High School,H
Shoal Creek Elementary School,E
Lorraine Elementary School,E
Conyers Middle School,M
Hightower Trail Elementary School,E
Memorial Middle School,M
Edwards Middle School,M
Flat Shoals Elementary School,E
Pine Street Elementary School,E
Rockdale County High School,H
House Elementary School,E
Schley Middle High School,H
Schley County Elementary School,E
Screven County Elementary School,E
Screven County Middle School,M
Screven County High School,H
Seminole County Middle/High School,H
Seminole County Elementary School,E
Spalding High School,H
Moreland Road Elementary,E
Carver Road Middle School,M
Kennedy Road Middle School,M
Rehoboth Road Middle School,M
Griffin High School,H
Cowan Road Elementary School,E
Jordan Hill Road Elementary School,E
Futral Road Elementary School,E
Cowan Road Middle School,M
AZ Kelsey Academy,H
Anne Street Elementary School,E
Jackson Road Elementary School,E
Atkinson Elementary School,E
Beaverbrook Elementary School,E
Crescent Road Elementary School,E
Moore Elementary School,E
Orrs Elementary School,E
Stephens County Middle School,M
Liberty Elementary School,E
Big A Elementary School,E
Toccoa Elementary School,E
Stephens County Fifth Grade Academy,E
Stephens County High School,H
Stewart County Middle School,M
Stewart County Elementary School,E
Stewart County High School,H
Sumter County Primary School,E
Americus Sumter High School (Old Americus-Sumter HS S),H
Sumter County Elementary School,E
Sumter County Middle School,M
Americus Sumter 9th Grade Academy,H
Furlow Charter School,E
Sumter County Intermediate School,E
Central Elementary/High School,K12
Taliaferro County School,K12
North Tattnall Middle School,M
Tattnall County High School,H
South Tattnall Middle School,M
Collins Elementary School,E
Glennville Elementary School,E
Reidsville Elementary School,E
Taylor County Primary School,E
Taylor County Upper Elementary,E
Georgia Center,H
Taylor County High School,H
Taylor County Middle School,M
Telfair County Middle School,M
Telfair County Elementary,E
Telfair County High School,H
Telfair Alternative Preparation School (TAPS),H
Terrell High School,H
Terrell Middle School,M
Cooper-Carver Elementary School,E
Bishop Hall Charter School,H
Hand In Hand Primary,E
The Renaissance Center for Academic and Career Development,H
Thomas County Central High School,H
Cross Creek Elementary School,E
Thomas County Middle School,M
Garrison-Pilcher Elementary School,E
Annie Belle Clark Elementary School,E
G. O. Bailey Elementary School,E
Tift County High School,H
Eighth Street Middle School,M
J. T. Reddick Elementary School,E
Len Lastinger Elementary School,E
Northside Elementary School,E
Northeast Middle School,M
Omega Elementary School,E
Matt Wilson Elementary School,E
Charles Spencer Elementary School,E
Toombs County Middle School,M
Lyons Primary School,E
Toombs County High School,H
Lyons Upper Elementary,E
Toombs Central Elementary School,E
Towns County Elementary School,E
Towns County Middle School,M
Towns County High School,H
Treutlen Elementary School,E
Treutlen Middle/High School,H
Callaway Elementary School,E
West Point Elementary School,E
Long Cane Elementary School,E
Gardner-Newman Middle School,M
Hollis Hand Elementary School,E
Callaway High School,H
Callaway Middle School,M
Franklin Forest Elementary,E
Bradfield Center - Ault Academy,H
Long Cane Middle School,M
Troup County High School,H
Hogansville Elementary School,E
Ethel W. Kight Elementary School,E
Clearview Elementary School,E
LaGrange High School,H
Hillcrest Elementary School,E
Rosemont Elementary School,E
Berta Weathersbee Elementary School,E
Turner County Middle School,M
Turner County Elementary School,E
Turner County Specialty School,M
Turner County High School,H
Jeffersonville Elementary,E
Twiggs County High School,H
Twiggs Middle School,M
Union County High School,H
Union County Elementary School,E
Union County Middle School,M
Union County Primary School,E
Woody Gap High/Elementary School,K12
Upson-Lee Primary School,E
Upson-Lee High School,H
Upson-Lee Elementary School,E
Upson-Lee Middle School,M
Rock Spring Elementary School,E
Chattanooga Valley Middle School,M
Saddle Ridge Elementary and Middle School,M
LaFayette Middle School,M
Ridgeland High School,H
Rossville Elementary School,E
Gilbert Elementary School,E
LaFayette High School,H
Cherokee Ridge Elementary,E
North LaFayette Elementary School,E
Rossville Middle School,M
Fairyland Elementary School,E
Naomi Elementary School,E
Chattanooga Valley Elementary School,E
Stone Creek Elementary School,E
Atha Road Elementary School,E
Youth Middle School,M
Monroe Elementary,E
Sharon Elementary School,E
Walnut Grove High School,H
Harmony Elementary School,E
Bay Creek Elementary School,E
Loganville Elementary School,E
Carver Middle School,M
Walnut Grove Elementary School,E
Loganville High School,H
Youth Elementary School,E
Monroe Area High School,H
Loganville Middle School,M
Walker Park Elementary School,E
Ware County High School,H
Williams Heights Elementary School,E
Waycross Middle School,M
Center Elementary School,E
Ware County Middle School,M
Ruskin Elementary School,E
Memorial Drive Elementary School,E
Waresboro Elementary School,E
Wacona Elementary School,E
Warren County Middle School,M
Warren County High School,H
Freeman Elementary School,E
T. J. Elder Middle School,M
Washington County High School,H
Ridge Road Primary School,E
Ridge Road Elementary School,E
Wayne County High School,H
Martha Puckett Middle School,M
Arthur Williams Middle School,M
Martha Rawls Smith Elementary School,E
Bacon Elementary School,E
Jesup Elementary School,E
Screven Elementary School,E
Odum Elementary School,E
Webster County Elementary/Middle School,E
Webster County High School,H
Wheeler County Elementary School,E
Wheeler County Middle School,M
Wheeler County High School,H
Tesnatee Gap Elementary (Old White Co. Intermediate),E
Mount Yonah Elementary School,E
White County High School,H
Mossy Creek Elementary School,E
White County Middle School,M
Jack P Nix Elementary School,E
New Hope Middle School,M
Coahulla Creek High School,H
Northwest Whitfield County High School,H
New Hope Elementary School,E
Beaverdale Elementary School,E
Cedar Ridge Elementary,E
Phoenix High School,H
Southeast Whitfield County High School,H
Eastbrook Middle School,M
North Whitfield Middle School,M
Valley Point Middle School,M
Westside Middle School,M
Antioch Elementary School,E
Eastside Elementary School,E
Varnell Elementary School,E
Cohutta Elementary School,E
Pleasant Grove Elementary School,E
Westside Elementary School,E
Dawnville Elementary School,E
Tunnel Hill Elementary School,E
Dug Gap Elementary School,E
Valley Point Elementary School,E
Wilcox County Middle School,M
Wilcox County Elementary School,E
Wilcox County High School,H
Washington-Wilkes Primary School,E
Washington-Wilkes Comprehensive High School,H
Washington-Wilkes Elementary School,E
Washington-Wilkes Middle School,M
Wilkinson County Elementary School,E
Wilkinson County Middle School,M
Wilkinson County Primary School,E
Wilkinson County High School,H
Worth County Elementary School,E
Worth County High School,H
Worth County Middle School,M
Worth County Primary School,E
Worth County Achievement Center,H
Brown Middle School,M
Parkside Elementary School,E
Heritage Academy Elementary,E
Dobbs Elementary School,E
Finch Elementary,E
Early College High School at Carver,H
Kipp Strive Academy,M
Springdale Park Elementary School,E
KIPP VISION,M
Kindezi,E
Long Middle School,M
Bunche Middle School,M
Mays High School,H
"Maynard H. Jackson, Jr. High School",H
Sylvan Hills Middle School,M
North Atlanta High School,H
Cascade Elementary School,E
Centennial Academy,E
Charles R. Drew Charter School,E
Atlanta Neighborhood Charter - Middle,M
Hillside Conant School,H
KIPP Atlanta Collegiate Academy,H
KIPP Strive Primary,E
KIPP Vision Primary,E
Kipp WAYS Primary School,E
Young Middle School,M
Price Middle School,M
Perkerson Elementary School,E
Bolton Academy,E
Deerwood Academy School,E
Burgess-Peterson Elementary School,E
Westside Atlanta Charter School,E
Booker T. Washington High School,H
King Middle School,M
APS-Forrest Hills Academy,H
Atlanta Classical Academy,K12
Harper-Archer Middle School,M
Atlanta Neighborhood Charter - Elementary,E
Miles Elementary School,E
Charles Drew Charter School JA/SA,H
Bazoline E. Usher/Collier Heights Elmentary School,E
KIPP West Atlanta Young Scholars Academy,M
Boyd Elementary School,E
Hutchinson Elementary School,E
Kimberly Elementary School,E
Rivers Elementary School,E
Towns Elementary School,E
Wesley International Academy Charter Facility,E
Therrell High School,H
Corretta Scott King Womens' Leadership Academy,H
B.E.S.T Academy,H
South Atlanta High School,H
Carver High School,H
Michael R. Hollis Innovation Academy,E
Woodson Park Academy,E
Tuskegee Airman Global Academy,E
Kindezi Old 4th Ward,E
John Lewis Invictus Academy,M
KIPP Soul Primary,E
Garden Hills Elementary School,E
Inman Middle School,M
Smith Elementary School,E
Morningside Elementary School,E
Brandon Elementary School,E
The John Hope-Charles Walter Hill Elementary Schools,E
Gideons Elementary School,E
Jackson Elementary School,E
Lin Elementary School,E
West Manor Elementary School,E
Crim High School,H
Beecher Hills Elementary School,E
Continental Colony Elementary School,E
Fain Elementary School,E
Peyton Forest Elementary School,E
Sutton Middle School,M
Fickett Elementary School,E
Scott Elementary School,E
Cleveland Elementary School,E
Douglass High School,H
M. A. Jones Elementary School,E
Slater Elementary School,E
Grady High School,H
Benteen Elementary School,E
Barack and Michelle Obama Academy,E
Thomasville Heights Elementary School,E
Dunbar Elementary School,E
Humphries Elementary School,E
F. L. Stanton Elementary School,E
Toomer Elementary School,E
Bremen 4th & 5th Grade Academy,E
Bremen High School,H
Bremen Middle School,M
Jones Elementary School,E
Buford Academy,E
Buford Middle School,M
Buford High School,H
Buford Elementary School,E
Calhoun Middle School,M
Calhoun Elementary School,E
Calhoun High School,H
Carrollton Middle-Upper Elementary School,E
Carrollton Elementary School,E
Carrollton High School,H
Carrollton Jr. High School,M
Cartersville Primary School,E
Cartersville Elementary School,E
Cartersville Middle School,M
Cartersville High School,H
Gordon Lee Middle School,M
Gordon Lee High School,H
Chickamauga Elementary School,E
Commerce Primary,E
Commerce Middle School,M
Commerce High School,H
Commerce Elementary School,E
Park Creek Elementary School,E
Blue Ridge Elementary School,E
Morris Innovative High School,H
Westwood Elementary School,E
Dalton Middle School,M
City Park Elementary School,E
Brookwood Elementary School,E
Roan Elementary School,E
Dalton High School,H
Oakhurst Elementary School,E
Fifth Avenue Elementary,E
Westchester Elementary School,E
New Glennwood Elementary,E
Winnona Park Elementary School,E
Clairemont Elementary School,E
Renfroe Middle School,M
Decatur High School,H
Dublin Middle School,M
Hillcrest Elementary,E
Dublin High School,H
Susie Dasher,E
Moore Street Facility,H
New Holland Core Knowledge Academy,E
Gainesville Middle School,M
Centennial Arts Academy,E
Gainesville Exploration Academy,E
Mundy Mill Academy,E
Enota Multiple Intelligences Academy,E
Fair Street International Baccalaureate World School,E
Gainesville High School,H
Jefferson Middle School,M
Jefferson Academy,E
Jefferson High School,H
Jefferson Elementary School,E
Marietta High School,H
Sawyer Road Elementary School,E
Marietta Center for Advanced Academics,E
A.L. Burruss Elementary School,E
Dunleith Elementary School,E
Marietta Middle School,M
George W. Hartmann Center,H
Lockheed Elementary School,E
Marietta Sixth Grade Academy,M
Emily Lembeck Early Learning Center,E
Park Street Elementary School,E
Hickory Hills Elementary School,E
West Side Elementary School,E
Mountain Education Charter High School,H
Odyssey Charter School,E
Georgia Cyber Academy,K12
Utopian Academy for the Arts Charter School,M
Cherokee Charter Academy,E
Georgia Connections Academy,H
"Ivy Preparatory Academy, Inc",E
Foothills Charter High School (Central Office - Madison),H
International Charter School of Atlanta,E
Scintilla Charter Academy,E
Georgia School for Innovation and the Classics,E
Dubois Integrity Academy,E
Coastal Plains Charter High School - Candler Campus,H
Statesboro STEAM Academy,M
Pataula Charter Academy,K12
Fulton Leadership Academy,M
Atlanta Heights Charter School,E
Coweta Charter Academy,E
Cirrus Charter Academy,E
Southwest Georgia S.T.E.M. Charter Academy,E
Brookhaven Innovation Academy,E
Liberty Tech Charter Academy,E
Genesis Innovation Academy for Boys,E
Genesis Innovation Academy for Girls,E
Resurgence Hall Charter School,E
SAIL Charter Academy - School for Arts-Infused Learning,E
International Academy of Smyrna,E
International Charter Academy of Georgia,E
SLAM Academy of Atlanta,E
Pelham High School,H
Pelham City Middle School,M
Pelham Elementary School,E
Elm Street Elementary,E
West Central Elementary School,E
Rome High School,H
East Central Elementary School,E
Rome Middle School,M
Anna K. Davie Elementary,E
West End Elementary School,E
North Heights Elementary School,E
Social Circle Primary School,E
Social Circle Middle School,M
Social Circle Elementary School,E
Social Circle High School,H
MacIntyre Park Middle School,M
Scott Elementary School,E
Harper Elementary School,E
Thomasville High School,H
Jerger Elementary School,E
Trion Elementary School,E
Trion Middle School,M
Trion High School,H
Sallas Mahone Elementary,E
Valdosta Middle School,M
J. L. Lomax Elementary School,E
Pinevale Elementary School,E
Newbern Middle School,M
Valdosta High School,H
S.L. Mason Elementary School,E
W.G. Nunn Elementary,E
J. R. Trippe Middle School,M
Vidalia Comprehensive High School,H
J. D. Dickerson Primary School,E
Sally Dailey Meadows Elementary School,E
Atlanta Area School for the Deaf,K12
Georgia Academy for the Blind,K12
Georgia School for the Deaf,K12
Atlanta Youth Detention Center,H
Crisp RYDC,M
Augusta Youth Development Campus,H
Muscogee Youth Development Center,H
Rockdale RYDC,H
Macon Youth Development Campus,H
Eastman Youth Development Campus,H
Augusta Regional Youth Detention Center,H
Martha K. Glaze Regional Youth Detention Center,H
Claxton Regional Youth Detention Center,M
Aaron Cohn Regional Youth Detention Center,H
Elbert Shaw Regional Youth Detention Center,H
DeKalb Regional Youth Detention Center,H
Eastman Regional Youth Detention Center,H
Gainesville Regional Youth Detention Center,H
Macon Regional Youth Detention Center,H
Marietta Regional Youth Detention Center,H
Bob Richards Regional Youth Detention Center,H
Savannah Regional Youth Detention Center,H
T J Loftiss II Regional Youth Detention Center,H
Waycross Regional Youth Detention Center,H
Metro Regional Youth Detention Center,H
Millegeville ITU,H
Terrell Regional Youth Detention Center,M
Wilkes County Regional Detention Center,H
Sumter Youth Development Campus,H